name,set,quantity,type,color,altArt,overnumbered,image
Scuttle Crab,UNL,2,UNIT,CALM,FALSE,FALSE,scuttle-crab-unl.avif
Wuju Apprentice,UNL,4,UNIT,CALM,false,false,wuju-apprentice-unl.avif
Monch,UNL,4,UNIT,CALM,false,false,monch-unl.avif
Allay Eager Admirer,UNL,1,UNIT,CALM,false,false,allay-eager-admirer-unl.avif
Enthusiastic Promoter,UNL,2,UNIT,CALM,false,false,enthusiastic-promoter-unl.avif
Herald of Spring,UNL,4,UNIT,CALM,false,false,herald-of-spring-unl.avif
Frisky Hunter,UNL,3,UNIT,CALM,false,false,frisky-hunter-unl.avif
Mutated Mouser,UNL,3,UNIT,CALM,false,false,mutated-mouser-unl.avif
Shadow Watcher,UNL,3,UNIT,CALM,false,false,shadow-watcher-unl.avif
Soul Sword,UNL,4,GEAR,CALM,false,false,soul-sword-unl.avif
Forgotten Signpost,UNL,1,GEAR,CALM,false,false,forgotten-signpost-unl.avif
Friendship,UNL,1,SPELL,CALM,false,false,friendship-unl.avif
Back Off,UNL,3,SPELL,CALM,false,false,back-off-unl.avif
Skyward Strike,UNL,3,SPELL,CALM,false,false,skyward-strike-unl.avif
Double Trouble,UNL,3,SPELL,CALM,false,false,double-trouble-unl.avif
Combat Experience,UNL,3,SPELL,CALM,false,false,combat-experience-unl.avif
Flurry of Feathers,UNL,1,SPELL,CALM,false,false,flurry-of-feathers-unl.avif
Scorchclaw,UNL,2,UNIT,FURY,false,false,scorchclaw-unl.avif
Mischievous Marai,UNL,2,UNIT,FURY,false,false,mischievous-marai-unl.avif
Towering Pairofant,UNL,4,UNIT,FURY,false,false,towering-pairofant-unl.avif
Arena Kingpin,UNL,3,UNIT,FURY,false,false,arena-kingpin-unl.avif
Sharkling,UNL,3,UNIT,FURY,false,false,sharkling-unl.avif
Revna the Lorekeeper,UNL,4,UNIT,FURY,false,false,revna-the-lorekeeper-unl.avif
Inferna,UNL,3,UNIT,FURY,false,false,inferna-unl.avif
Lord Broadmane,UNL,3,UNIT,FURY,false,false,lord-broadmane-unl.avif
Prepared Neophyte,UNL,3,UNIT,FURY,false,false,prepared-neophyte-unl.avif
Fresh Beans,UNL,2,GEAR,FURY,false,false,fresh-beans-unl.avif
Vault Breaker,UNL,4,SPELL,FURY,false,false,vault-breaker-unl.avif
Right of Conquest,UNL,1,SPELL,FURY,false,false,right-of-conquest-unl.avif
Lotus Trap,UNL,1,SPELL,FURY,false,false,lotus-trap-unl.avif
Monster Harpoon,UNL,1,SPELL,FURY,false,false,monster-harpoon-unl.avif
Smite,UNL,4,SPELL,FURY,false,false,smite-unl.avif
Upstage Comedy,UNL,4,SPELL,FURY,false,false,upstage-comedy-unl.avif
Undying Loyalty,UNL,1,SPELL,ORDER,false,false,undying-loyalty-unl.avif
Shadow's Call,UNL,1,SPELL,ORDER,false,false,shadows-call-unl.avif
Soul Harvest,UNL,3,SPELL,ORDER,false,false,soul-harvest-unl.avif
Heroic Charge,UNL,4,SPELL,ORDER,false,false,heroic-charge-unl.avif
Divining Shells,UNL,2,GEAR,ORDER,false,false,divining-shells-unl.avif
Shepherd's Heirloom,UNL,4,GEAR,ORDER,false,false,shepherds-heirloom-unl.avif
Ultrasoft Poro,UNL,4,UNIT,ORDER,false,false,ultrasoft-poro-unl.avif
Loyal Poro,UNL,3,UNIT,ORDER,false,false,loyal-poro-unl.avif
Scrutinizing Sergeant,UNL,4,UNIT,ORDER,false,false,scrutinizing-sergeant-unl.avif
Stalking Wolf,UNL,1,UNIT,ORDER,false,false,stalking-wolf-unl.avif
Safety Inspector,UNL,1,UNIT,ORDER,false,false,safety-inspector-unl.avif
Black Rose Dignitary,UNL,3,UNIT,ORDER,false,false,black-rose-dignitary-unl.avif
Mageseeker Investigator,UNL,1,UNIT,ORDER,false,false,mageseeker-investigator-unl.avif
Crimson Pigeons,UNL,3,UNIT,ORDER,false,false,crimson-pigeons-unl.avif
Enthralling Protector,UNL,2,UNIT,ORDER,false,false,enthralling-protector-unl.avif
Bandle Soldier,UNL,3,UNIT,ORDER,false,false,bandle-soldier-unl.avif
Carrion Dredger,UNL,4,UNIT,ORDER,false,false,carrion-dredger-unl.avif
Bewitching Spirit,UNL,3,UNIT,CHAOS,false,false,bewitching-spirit-unl.avif
Megatusk,UNL,3,UNIT,CHAOS,false,false,megatusk-unl.avif
Insightful Investigator,UNL,1,UNIT,CHAOS,false,false,insightful-investigator-unl.avif
Angler Beast,UNL,2,UNIT,CHAOS,false,false,angler-beast-unl.avif
Vicious Snapjaws,UNL,3,UNIT,CHAOS,false,false,vicious-snapjaws-unl.avif
Crescent Guardian,UNL,5,UNIT,CHAOS,false,false,crescent-guardian-unl.avif
Walking Roost,UNL,3,UNIT,CHAOS,false,false,walking-roost-unl.avif
Evershade Stalker,UNL,4,UNIT,CHAOS,false,false,evershade-stalker-unl.avif
Mister Root,UNL,4,UNIT,CHAOS,false,false,mister-root-unl.avif
Blast Cone,UNL,3,GEAR,CHAOS,false,false,blast-cone-unl.avif
Scryer's Bloom,UNL,2,GEAR,CHAOS,false,false,scryers-bloom-unl.avif
Star-Crossed,UNL,4,SPELL,CHAOS,false,false,star-crossed-unl.avif
Isolate,UNL,3,SPELL,CHAOS,false,false,isolate-unl.avif
Existential Dread,UNL,1,SPELL,CHAOS,false,false,existential-dread-unl.avif
Abandon,UNL,1,SPELL,CHAOS,false,false,abandon-unl.avif
Lunar Boon,UNL,3,SPELL,CHAOS,false,false,lunar-boon-unl.avif
Frigid Jewel,UNL,1,GEAR,MIND,false,false,frigid-jewel-unl.avif
Sprite Fountain,UNL,1,GEAR,MIND,false,false,sprite-fountain-unl.avif
Sprite Burst,UNL,4,SPELL,CALM,false,false,sprite-burst-unl.avif
Turn to Dust,UNL,4,SPELL,CALM,false,false,turn-to-dust-unl.avif
Downstage Dramatics,UNL,3,SPELL,CALM,false,false,downstage-dramatics-unl.avif
Deadly Flourish,UNL,1,SPELL,CALM,false,false,deadly-flourish-unl.avif
Eclipse,UNL,3,SPELL,CALM,false,false,eclipse-unl.avif
Crescent Strike,UNL,3,SPELL,CALM,false,false,crescent-strike-unl.avif
Moonlight Affliction,UNL,4,SPELL,CALM,false,false,moonlight-affliction-unl.avif
Icevale Archer,UNL,3,UNIT,CALM,false,false,icevale-archer-unl.avif
Chakram Dancer,UNL,3,UNIT,CALM,false,false,chakram-dancer-unl.avif
Dramatic Visionary,UNL,4,UNIT,CALM,false,false,dramatic-visionary-unl.avif
Fate Weaver,UNL,4,UNIT,CALM,false,false,fate-weaver-unl.avif
Ruined Rex,UNL,3,UNIT,CALM,false,false,ruined-rex-unl.avif
Spectral Centaur,UNL,3,UNIT,CALM,false,false,spectral-centaur-unl.avif
Gustwalker,UNL,1,UNIT,CALM,false,false,gustwalker-unl.avif
Hunter's Machete,UNL,4,GEAR,BODY,false,false,hunters-machete-unl.avif
Concentrate,UNL,4,SPELL,BODY,false,false,concentrate-unl.avif
Disposal Order,UNL,2,SPELL,BODY,false,false,disposal-order-unl.avif
Grim Resolve,UNL,3,SPELL,BODY,false,false,grim-resolve-unl.avif
Call to Battle,UNL,1,SPELL,BODY,false,false,call-to-battle-unl.avif
Repulse,UNL,1,SPELL,BODY,false,false,repulse-unl.avif
Kinkou Initiate,UNL,4,UNIT,BODY,false,false,kinkou-initiate-unl.avif
Demacian Diplomat,UNL,3,UNIT,BODY,false,false,demacian-diplomat-unl.avif
Voracious Gromp,UNL,4,UNIT,BODY,false,false,voracious-gromp-unl.avif
Crowd Favorite,UNL,3,UNIT,BODY,false,false,crowd-favorite-unl.avif
Gentle Gemdragon,UNL,2,UNIT,BODY,false,false,gentle-gemdragon-unl.avif
Gemhand Hunter,UNL,3,UNIT,BODY,false,false,gemhand-hunter-unl.avif
Targonian Visionary,UNL,3,UNIT,BODY,false,false,targonian-visionary-unl.avif
Dragonsoul Sage,UNL,3,UNIT,BODY,false,false,dragonsoul-sage-unl.avif
Towering Combatant,UNL,3,UNIT,BODY,false,false,towering-combatant-unl.avif
Imposing Challenger,UNL,1,UNIT,BODY,false,false,imposing-challenger-unl.avif
Calm Rune,UNL,3,RUNE,CALM,false,false,calm-rune-unl.avif
Mind Rune,UNL,1,RUNE,MIND,false,false,mind-rune-unl.avif
Body Rune,UNL,1,RUNE,BODY,false,false,body-rune-unl.avif
Chaos Rune,UNL,1,RUNE,CHAOS,false,false,chaos-rune-unl.avif
Fury Rune,UNL,3,RUNE,FURY,false,false,fury-rune-unl.avif
Order Rune,UNL,1,RUNE,ORDER,false,false,order-rune-unl.avif
Bird,UNL,2,TOKEN,NONE,false,false,bird-unl.avif
Sprite,UNL,4,TOKEN,NONE,false,false,sprite-unl.avif
Reflection,UNL,4,TOKEN,NONE,false,false,reflection-unl.avif
Brush,UNL,3,TOKEN,NONE,false,false,brush-unl.avif
Baron Pit,UNL,3,TOKEN,NONE,false,false,baron-pit-unl.avif
XP Tracker,UNL,3,TOKEN,NONE,false,false,xp-tracker-unl.avif
Dusk Rose Lab,UNL,1,BATTLEFIELD,NONE,false,false,dusk-rose-lab-unl.avif
Trapping Grounds,UNL,1,BATTLEFIELD,NONE,false,false,trapping-grounds-unl.avif
Altar of Blood,UNL,1,BATTLEFIELD,NONE,false,false,altar-of-blood-unl.avif
Amateur Recital,UNL,1,BATTLEFIELD,NONE,false,false,amateur-recital-unl.avif
Vaults of Helia,UNL,1,BATTLEFIELD,NONE,false,false,vaults-of-helia-unl.avif
Frozen Fortress,UNL,1,BATTLEFIELD,NONE,false,false,frozen-fortress-unl.avif
Forbidding Waste,UNL,1,BATTLEFIELD,NONE,false,false,forbidding-waste-unl.avif
Valley of Idols,UNL,1,BATTLEFIELD,NONE,false,false,valley-of-idols-unl.avif
Abandoned Hall,UNL,1,BATTLEFIELD,NONE,false,false,abandoned-hall-unl.avif
Forgotten Library,UNL,1,BATTLEFIELD,NONE,false,false,forgotten-library-unl.avif
The Academy,UNL,1,BATTLEFIELD,NONE,false,false,the-academy-unl.avif
Black Flame Altar,UNL,1,BATTLEFIELD,NONE,false,false,black-flame-altar-unl.avif
Gardens of Becoming,UNL,1,BATTLEFIELD,NONE,false,false,gardens-of-becoming-unl.avif
Star Spring,UNL,1,BATTLEFIELD,NONE,false,false,star-spring-unl.avif
Ripper's Bay,UNL,1,BATTLEFIELD,NONE,false,false,rippers-bay-unl.avif
Trapping Grounds (Foil),UNL,1,BATTLEFIELD,NONE,false,false,trapping-grounds-unl.avif
Abandoned Hall (Foil),UNL,1,BATTLEFIELD,NONE,false,false,abandoned-hall-unl.avif
Valley of Idols (Foil),UNL,1,BATTLEFIELD,NONE,false,false,valley-of-idols-unl.avif
Altar of Blood (Foil),UNL,1,BATTLEFIELD,NONE,false,false,altar-of-blood-unl.avif
Dusk Rose Lab (Foil),UNL,1,BATTLEFIELD,NONE,false,false,dusk-rose-lab-unl.avif
Double Trouble (Foil),UNL,2,SPELL,CALM,false,false,double-trouble-unl.avif
Mutated Mouser (Foil),UNL,1,UNIT,CALM,false,false,mutated-mouser-unl.avif
Alpha Wildclaw,UNL,1,UNIT,CALM,false,false,alpha-wildclaw-unl.avif
Iascylla,UNL,1,UNIT,CALM,false,false,iascylla-unl.avif
Honeyfruit,UNL,1,GEAR,CALM,false,false,honeyfruit-unl.avif
Forgotten Signpost (Foil),UNL,1,GEAR,CALM,false,false,fortten-signpost-unl.avif
Ivern - Nurturer,UNL,1,UNIT,CALM,false,false,ivern-nurturer-unl.avif
Nami - Headstrong,UNL,1,UNIT,CALM,false,false,nami-headstrong-unl.avif
Yuumi - Magical Cat,UNL,1,UNIT,CALM,false,false,yuumi-magical-cat-unl.avif
Master Yi - Unstoppable,UNL,1,UNIT,CALM,false,false,master-yi-unstoppable-unl.avif
Vex - Mocking,UNL,1,UNIT,CALM,true,false,vex-mocking-unl-a.avif
Mind Rune,SFD,1,RUNE,MIND,true,false,mind-rune-sfd-a.avif
Order Rune,UNL,1,RUNE,ORDER,true,false,order-rune-unl-a.avif
Irresistible Faefolk,UNL,1,UNIT,BODY,false,false,irresistible-faefolk-unl.avif
Rengar - Trophy Hunter,UNL,1,UNIT,BODY,false,false,rengar-trophy-hunter-unl.avif
Blue Sentinel,UNL,1,UNIT,MIND,false,false,blue-sentinel-unl.avif
Vi - Hotheaded,UNL,1,UNIT,FURY,true,false,vi-hotheaded-unl-a.avif
Rengar - Unseen,UNL,1,UNIT,FURY,true,false,rengar-unseen-unl-a.avif
Vi - Peacekeeper,UNL,1,UNIT,ORDER,false,false,vi-peacekeeper-unl.avif
Vi - Hotheaded,UNL,1,UNIT,FURY,false,false,vi-hotheaded-unl.avif
Arena Kingpin (Foil),UNL,1,UNIT,FURY,false,false,arena-kingpin-unl.avif
Xerath - Freed,UNL,1,UNIT,FURY,false,false,xerath-freed-unl.avif
Jhin - Murderous Artist,UNL,1,UNIT,FURY,false,false,jhin-murderous-artist-unl.avif
Grim Apothecary,UNL,2,UNIT,FURY,false,false,grim-apothecary-unl.avif
Red Brambleback,UNL,1,UNIT,FURY,false,false,red-brambleback-unl.avif
Scorchclaw (Foil),UNL,1,UNIT,FURY,false,false,scorchclaw-unl.avif
Katarina - Reckless,UNL,1,UNIT,FURY,false,false,katarina-reckless-unl.avif
Undying Legion,UNL,1,UNIT,FURY,false,false,undying-legion-unl.avif
Ivern - Friend to All,UNL,1,UNIT,ORDER,false,false,ivern-friend-to-all-unl.avif
Carrion Dredger (Foil),UNL,1,UNIT,ORDER,false,false,carrion-dredger-unl.avif
Ashe - Focused,UNL,1,UNIT,ORDER,false,false,ashe-focused-unl.avif
Tactical Retreat,UNL,2,SPELL,ORDER,false,false,tactical-retreat-unl.avif
Galio - Indefatigable,UNL,1,UNIT,ORDER,false,false,galio-indefatigable-unl.avif
Shepherd's Heirloom (Foil),UNL,1,GEAR,ORDER,false,false,shepherds-heirloom-unl.avif
Sacrifice,UNL,1,SPELL,ORDER,false,false,sacrifice-unl.avif
Bewitching Spirit (Foil),UNL,1,UNIT,CHAOS,false,false,bewitching-spirit-unl.avif
Heedless Resurrection,UNL,1,SPELL,CHAOS,false,false,heedless-resurrection-unl.avif
Insightful Investigator (Foil),UNL,1,UNIT,CHAOS,false,false,insightful-investigator-unl.avif
Syndra - Transcendent,UNL,1,UNIT,CHAOS,false,false,syndra-transcendent-unl.avif
Maduli the Gatekeeper,UNL,1,UNIT,CHAOS,false,false,maduli-the-gatekeeper-unl.avif
Evelynn - Entrancing,UNL,1,UNIT,CHAOS,false,false,evelynn-entrancing-unl.avif
Conscription,UNL,2,SPELL,CHAOS,false,false,conscription-unl.avif
Kha'Zix - Mutating Horror,UNL,2,UNIT,CHAOS,false,false,khazix-mutating-horror-unl.avif
Diana - Lunari,UNL,1,UNIT,MIND,false,false,diana-lunari-unl.avif
Frigid Jewel (Foil),UNL,1,GEAR,MIND,false,false,frigid-jewel-unl.avif
Lilia - Fae Fawn,UNL,1,UNIT,MIND,false,false,lilia-fae-fawn-unl.avif
Sumpworks Map,UNL,2,GEAR,MIND,false,false,sumpworks-map-unl.avif
Downstage Dramatics (Foil),UNL,1,SPELL,MIND,false,false,downstage-dramatics-unl.avif
Zilean - Time Mage,UNL,1,UNIT,MIND,false,false,zilean-time-mage-unl.avif
Icevale Archer (Foil),UNL,1,UNIT,MIND,false,false,icevale-archer-unl.avif
Smoke and Mirrors,UNL,1,SPELL,MIND,false,false,smoke-and-mirrors-unl.avif
Keeper of Masks,UNL,1,UNIT,MIND,false,false,keeper-of-masks-unl.avif
Fate Weaver (Foil),UNL,1,UNIT,MIND,false,false,fate-weaver-unl.avif
Kinkou Initiate (Foil),UNL,1,UNIT,BODY,false,false,kinkou-initiate-unl.avif
Poppy - Paragon,UNL,1,UNIT,BODY,false,false,poppy-paragon-unl.avif
Voracious Gromp (Foil),UNL,1,UNIT,BODY,false,false,voracious-gromp-unl.avif
Concentrate (Foil),UNL,1,SPELL,BODY,false,false,concentrate-unl.avif
Clash of Giants,UNL,2,SPELL,BODY,false,false,clash-of-giants-unl.avif
Gemhand Hunter (Foil),UNL,1,UNIT,BODY,false,false,gemhand-hunter-unl.avif
Master Yi - Tempered,UNL,1,UNIT,BODY,false,false,master-yi-tempered-unl.avif
Grim Resolve (Foil),UNL,1,SPELL,BODY,false,false,grim-resolve-unl.avif
Determined Sentry,UNL,1,UNIT,BODY,false,false,determined-sentry-unl.avif
Curtain Call,UNL,1,SPELL,FURY&MIND,false,false,curtain-call-unl.avif
Jhin - Viruoso,UNL,1,LEGEND,FURY&MIND,false,false,jhin-viruoso-unl.avif
Rengar - Pridestalker,UNL,1,LEGEND,FURY&BODY,false,false,rengar-pridestalker-unl.avif
Vi - Piltover Enforcer,UNL,1,LEGEND,FURY&ORDER,false,false,vi-piltover-enforcer-unl.avif
Kha'Zix - Voidreaver,UNL,1,LEGEND,BODY&CHAOS,false,false,khazix-voidreaver-unl.avif
Master Yi - Wuju Master,UNL,1,LEGEND,CALM&BODY,false,false,master-yi-wuju-master-unl.avif
Leblanc - Deceiver,UNL,1,LEGEND,MIND&ORDER,false,false,leblanc-deceiver-unl.avif
Lilia - Bashful Bloom,UNL,1,LEGEND,CALM&MIND,false,false,lilia-bashful-bloom-unl.avif
Diana - Scorn of the Moon,UNL,1,LEGEND,MIND&CHAOS,false,false,diana-scorn-of-the-moon-unl.avif
Poppy - Keeper of the Hammer,UNL,2,LEGEND,BODY&ORDER,false,false,poppy-keeper-of-the-hammer-unl.avif
Vex - Gloomist,UNL,1,LEGEND,CALM&CHAOS,false,false,vex-gloomist-unl.avif
Karma - Channeler (Sig),SFD,1,UNIT,ORDER,false,true,karma-channeler-sfd-o.avif
Rengar - Trophy Hunter,VEN,1,UNIT,BODY,false,true,rengar-trophy-hunter-ven-o.avif
Kai'sa - Survivor,VEN,1,UNIT,FURY,true,false,kaisa-survivor-ven-a.avif
Lux - Crownguard,VEN,1,UNIT,ORDER,true,false,lux-crownguard-ven-a.avif
Fizz - Trickster,SFD,1,UNIT,CHAOS,false,false,fizz-trickster-sfd.avif
Ezreal - Prodigy,SFD,1,UNIT,CHAOS,false,false,ezreal-prodigy-sfd.avif
Defiant Dance,SFD,1,SPELL,CALM&CHAOS,false,false,defiant-dance-sfd.avif
Ferrous Forerunner,SFD,1,UNIT,FURY,false,false,ferrous-forerunner-sfd.avif
Sandshifter,SFD,2,UNIT,ORDER,false,false,sandshifter-sfd.avif
Royal Guard,SFD,3,UNIT,ORDER,false,false,royal-guard-sfd.avif
Glasc Mixologist,SFD,1,UNIT,ORDER,false,false,glasc-mixologist-sfd.avif
Trusty Ramhound,SFD,3,UNIT,ORDER,false,false,trusty-ramhound-sfd.avif
Unsung Hero,SFD,1,UNIT,ORDER,false,false,unsung-hero-sfd.avif
Honest Broker,SFD,3,UNIT,ORDER,false,false,honest-broker-sfd.avif
Zaun Punk,SFD,3,UNIT,ORDER,false,false,zaun-punk-sfd.avif
Eminent Benefactor,SFD,3,UNIT,ORDER,false,false,eminent-benefactor-sfd.avif
Laurent Duelist,SFD,3,UNIT,ORDER,false,false,laurent-duelist-sfd.avif
Eye of the Herald,SFD,3,GEAR,ORDER,false,false,eye-of-the-herald-sfd.avif
Vanguard Armory,SFD,1,GEAR,ORDER,false,false,vanguard-armory-sfd.avif
B.F. Sword,SFD,1,GEAR,ORDER,false,false,bf-sword-sfd.avif
Guards!,SFD,3,SPELL,ORDER,false,false,guards-sfd.avif
Drag Under,SFD,2,SPELL,ORDER,false,false,drag-under-sfd.avif
Bonds of Strength,SFD,3,SPELL,ORDER,false,false,bonds-of-strength-sfd.avif
Deathgrip,SFD,1,SPELL,ORDER,false,false,deathgrip-sfd.avif
Rally of the Troops,SFD,1,SPELL,ORDER,false,false,rally-of-the-troops-sfd.avif
Blood Money,SFD,1,SPELL,ORDER,false,false,blood-money-sfd.avif
Fae Dragon,SFD,1,UNIT,BODY,false,false,fae-dragon-sfd.avif
Veteran Poro,SFD,3,UNIT,BODY,false,false,veteran-poro-sfd.avif
Combat Chef,SFD,3,UNIT,BODY,false,false,combat-chef-sfd.avif
Yordle Explorer,SFD,3,UNIT,BODY,false,false,yordle-explorer-sfd.avif
Sea Monkey,SFD,3,UNIT,BODY,false,false,sea-monkey-sfd.avif
Jaull-Fish,SFD,2,UNIT,BODY,false,false,jaull-fish-sfd.avif
Laurent Bladekeeper,SFD,2,UNIT,BODY,false,false,laurent-bladekeeper-sfd.avif
Ruin Runner,SFD,2,UNIT,BODY,false,false,ruin-runner-sfd.avif
Direwing,SFD,3,UNIT,BODY,false,false,direwing-sfd.avif
Buhru Captain,SFD,3,UNIT,BODY,false,false,buhru-captain-sfd.avif
Dauntless Vanguard,SFD,3,UNIT,BODY,false,false,dauntless-vanguard-sfd.avif
Hexdrinker,SFD,1,GEAR,BODY,false,false,hexdrinker-sfd.avif
Warmog's Armor,SFD,1,GEAR,BODY,false,false,warmogs-armor-sfd.avif
Doran's Blade,SFD,2,GEAR,BODY,false,false,dorans-blade-sfd.avif
Show of Strength,SFD,1,SPELL,BODY,false,false,show-of-strength-sfd.avif
Punch First,SFD,3,SPELL,BODY,false,false,punch-first-sfd.avif
Strike Down,SFD,1,SPELL,BODY,false,false,strike-down-sfd.avif
Petricite Monument,SFD,1,SPELL,BODY,false,false,petricite-monument-sfd.avif
Bubble Bot,SFD,3,UNIT,MIND,false,false,bubble-bot-sfd.avif
Prize of Progress,SFD,1,UNIT,MIND,false,false,prize-of-progress-sfd.avif
Forecaster,SFD,3,UNIT,MIND,false,false,forecaster-sfd.avif
Breakneck Mech,SFD,1,UNIT,MIND,false,false,breakneck-mech-sfd.avif
Aspiring Engineer,SFD,3,UNIT,MIND,false,false,aspiring-engineer-sfd.avif
Plundering Poro,SFD,3,UNIT,MIND,false,false,plundering-poro-sfd.avif
Pickpocket,SFD,2,UNIT,MIND,false,false,pickpocket-sfd.avif
Gearhead,SFD,2,UNIT,MIND,false,false,gearhead-sfd.avif
Dropboarder,SFD,2,UNIT,MIND,false,false,dropboarder-sfd.avif
Frostcoat Cub,SFD,2,UNIT,MIND,false,false,frostcoat-cub-sfd.avif
Temporal Portal,SFD,1,GEAR,MIND,false,false,temporal-portal-sfd.avif
Cloth Armor,SFD,3,GEAR,MIND,false,false,cloth-armor-sfd.avif
Chemtech Cask,SFD,2,GEAR,MIND,false,false,chemtech-cask-sfd.avif
Experimental Hexplate,SFD,1,GEAR,MIND,false,false,experimental-hexplate-sfd.avif
Frigid Touch,SFD,3,SPELL,MIND,false,false,frigid-touch-sfd.avif
Wages of Pain,SFD,3,SPELL,MIND,false,false,wages-of-pain-sfd.avif
Rocket Barrage,SFD,1,SPELL,MIND,false,false,rocket-barrage-sfd.avif
Production Surge,SFD,1,SPELL,MIND,false,false,production-surge-sfd.avif
Sentinel Adept,SFD,3,UNIT,FURY,false,false,sentinel-adept-sfd.avif
Armed Assailant,SFD,3,UNIT,FURY,false,false,armed-assailant-sfd.avif
Void Drone,SFD,3,UNIT,FURY,false,false,void-drone-sfd.avif
Blast Corps Cadet,SFD,2,UNIT,FURY,false,false,blast-corps-cadet-sfd.avif
Perched Grimwyrm,SFD,2,UNIT,FURY,false,false,perched-grimwyrm-sfd.avif
Gem Jammer,SFD,3,UNIT,FURY,false,false,gem-jammer-sfd.avif
Eager Drakehound,SFD,2,UNIT,FURY,false,false,eager-drakehound-sfd.avif
Minotaur Reckoner,SFD,1,UNIT,FURY,false,false,minotaur-reckoner-sfd.avif
Battering Ram,SFD,1,UNIT,FURY,false,false,battering-ram-sfd.avif
Void Hatchling,SFD,1,UNIT,FURY,false,false,void-hatchling-sfd.avif
Serrated Dirk,SFD,3,GEAR,FURY,false,false,serrated-dirk-sfd.avif
Recurve Bow,SFD,1,GEAR,FURY,false,false,recurve-bow-sfd.avif
Blood Rush,SFD,3,SPELL,FURY,false,false,blood-rush-sfd.avif
Detonate,SFD,3,SPELL,FURY,false,false,detonate-sfd.avif
Against the Odds,SFD,2,SPELL,FURY,false,false,against-the-odds-sfd.avif
Bushwhack,SFD,2,SPELL,FURY,false,false,bushwhack-sfd.avif
Sudden Storm,SFD,1,SPELL,FURY,false,false,sudden-storm-sfd.avif
Angle Shot,SFD,1,SPELL,FURY,false,false,angle-shot-sfd.avif
Guardian of the Passage,SFD,3,UNIT,CALM,false,false,guardian-of-the-passage-sfd.avif
Apprentice Smith,SFD,2,UNIT,CALM,false,false,apprentice-smith-sfd.avif
Navori Scout,SFD,2,UNIT,CALM,false,false,navori-scout-sfd.avif
Disarming Rake,SFD,3,UNIT,CALM,false,false,disarming-rake-sfd.avif
Ribbon Dancer,SFD,2,UNIT,CALM,false,false,ribbon-dancer-sfd.avif
Royal Entourage,SFD,3,UNIT,CALM,false,false,royal-entourage-sfd.avif
Lonely Poro,SFD,3,UNIT,CALM,false,false,lonely-poro-sfd.avif
Simian Ancestor,SFD,1,UNIT,CALM,false,false,simian-ancestor-sfd.avif
Stellacorn Herder,SFD,1,UNIT,CALM,false,false,stellacorn-herder-sfd.avif
Legion Quartermaster,SFD,1,UNIT,CALM,false,false,legion-quartermaster-sfd.avif
Doran's Shield,SFD,3,GEAR,CALM,false,false,dorans-shield-sfd.avif
Poro Snax,SFD,1,GEAR,CALM,false,false,poro-snax-sfd.avif
Brutalizer,SFD,1,GEAR,CALM,false,false,brutalizer-sfd.avif
Thwonk!,SFD,3,SPELL,CALM,false,false,thwonk-sfd.avif
Desert's Call,SFD,3,SPELL,CALM,false,false,deserts-call-sfd.avif
Feral Strength,SFD,3,SPELL,CALM,false,false,feral-strength-sfd.avif
Not So Fast,SFD,1,SPELL,CALM,false,false,not-so-fast-sfd.avif
Emperor's Divide,SFD,1,SPELL,CALM,false,false,emperors-divide-sfd.avif
Fae Porter,SFD,3,UNIT,CHAOS,false,false,fae-porter-sfd.avif
Black Market Broker,SFD,2,UNIT,CHAOS,false,false,black-market-broker-sfd.avif
Master Bingwen,SFD,3,UNIT,CHAOS,false,false,master-bingwen-sfd.avif
Overzealous Fan,SFD,3,UNIT,CHAOS,false,false,overzealous-fan-sfd.avif
Treasure Hunter,SFD,3,UNIT,CHAOS,false,false,treasure-hunter-sfd.avif
Corrupt Enforcer,SFD,2,UNIT,CHAOS,false,false,corrupt-enforcer-sfd.avif
Loyal Pup,SFD,3,UNIT,CHAOS,false,false,loyal-pup-sfd.avif
Harpoon Squad,SFD,1,UNIT,CHAOS,false,false,harpoon-squad-sfd.avif
Beast Below,SFD,1,UNIT,CHAOS,false,false,beast-below-sfd.avif
Ancient Warmonger,SFD,1,UNIT,CHAOS,false,false,ancient-warmonger-sfd.avif
Windsinger,SFD,1,UNIT,CHAOS,false,false,windsinger-sfd.avif
Boots of Swiftness,SFD,1,GEAR,CHAOS,false,false,boots-of-swiftness-sfd.avif
Cull,SFD,1,GEAR,CHAOS,false,false,cull-sfd.avif
Doran's Ring,SFD,3,GEAR,CHAOS,false,false,dorans-ring-sfd.avif
Temptation,SFD,3,SPELL,CHAOS,false,false,temptation-sfd.avif
Called Shot,SFD,3,SPELL,CHAOS,false,false,called-shot-sfd.avif
Factory Recall,SFD,1,SPELL,CHAOS,false,false,factory-recall-sfd.avif
Hard Bargain,SFD,1,SPELL,CHAOS,false,false,hard-bargain-sfd.avif
Gold,SFD,3,TOKEN,NONE,false,false,gold-sfd.avif
Sand Soldier,SFD,2,TOKEN,NONE,false,false,sand-soldier-sfd.avif
Mech,SFD,2,TOKEN,NONE,false,false,mech-sfd.avif
Mind Rune,SFD,2,RUNE,MIND,false,false,mind-rune-sfd.avif
Calm Rune,SFD,3,RUNE,CALM,false,false,calm-rune-sfd.avif
Fury Rune,SFD,3,RUNE,FURY,false,false,fury-rune-sfd.avif
Body Rune,SFD,2,RUNE,BODY,false,false,body-rune-sfd.avif
Order Rune,SFD,3,RUNE,ORDER,false,false,order-rune-sfd.avif
Chaos Rune,SFD,3,RUNE,CHAOS,false,false,chaos-rune-sfd.avif
Sunken Temple (Foil),SFD,1,BATTLEFIELD,NONE,false,false,sunken-temple-sfd.avif
Treasure Hoard,SFD,2,BATTLEFIELD,NONE,false,false,treasure-hoard-sfd.avif
Veiled Temple,SFD,1,BATTLEFIELD,NONE,false,false,veiled-temple-sfd.avif
Power Nexus,SFD,1,BATTLEFIELD,NONE,false,false,power-nexus-sfd.avif
Sunken Temple,SFD,1,BATTLEFIELD,NONE,false,false,sunken-temple-sfd.avif
Minefield,SFD,1,BATTLEFIELD,NONE,false,false,minefield-sfd.avif
Rockfall Path,SFD,1,BATTLEFIELD,NONE,false,false,rockfall-path-sfd.avif
Ornn's Forge,SFD,1,BATTLEFIELD,NONE,false,false,ornns-forge-sfd.avif
Marai Spire,SFD,1,BATTLEFIELD,NONE,false,false,marai-spire-sfd.avif
The Papertree,SFD,1,BATTLEFIELD,NONE,false,false,the-papertree-sfd.avif
Hall of Legends,SFD,1,BATTLEFIELD,NONE,false,false,hall-of-legends-sfd.avif
Emperor's Dais,SFD,1,BATTLEFIELD,NONE,false,false,emperors-dais-sfd.avif
Forge of the Fluft,SFD,1,BATTLEFIELD,NONE,false,false,forge-of-the-fluft-sfd.avif
Ravenbloom Conservatory,SFD,1,BATTLEFIELD,NONE,false,false,ravenbloom-conservatory-sfd.avif
Forgotten Monument,SFD,1,BATTLEFIELD,NONE,false,false,forgotten-monument-sfd.avif
Seat of Power,SFD,1,BATTLEFIELD,NONE,false,false,seat-of-power-sfd.avif
World Atlas,SFD,1,GEAR,MIND,false,false,world-atlas-sfd.avif
Ornn - Forge God,SFD,1,UNIT,MIND,false,false,ornn-forge-god-sfd.avif
Marching Orders,SFD,1,SPELL,BODY,false,false,marching-orders-sfd.avif
Dauntless Vanguard (Foil),SFD,1,UNIT,BODY,false,false,dauntless-vanguard-sfd.avif
Xin Zhao - Vigilant,SFD,1,UNIT,ORDER,false,false,xin-zhao-vigilant-sfd.avif
Royal Guard (Foil),SFD,1,UNIT,ORDER,false,false,royal-guard-sfd.avif
Soraka - Wanderer,SFD,1,UNIT,ORDER,false,false,soraka-wanderer-sfd.avif
Blood Money (Foil),SFD,1,SPELL,ORDER,false,false,blood-money-sfd.avif
Sivir - Mercenary,SFD,1,UNIT,CHAOS,true,false,sivir-mercenary-sfd-a.avif
Cull (Foil),SFD,1,GEAR,CHAOS,false,false,cull-sfd.avif
Edge of Night,SFD,1,GEAR,CHAOS,false,false,edge-of-night-sfd.avif
Master Bingwen (Foil),SFD,1,UNIT,CHAOS,false,false,master-bingwen-sfd.avif
Janna - Savior,SFD,1,UNIT,CALM,false,false,janna-savior-sfd.avif
Disarming Rake (Foil),SFD,1,UNIT,CALM,false,false,disarming-rake-sfd.avif
Needlessly Large Yordle,SFD,1,UNIT,CALM,false,false,needlessly-large-yordle-sfd.avif
Rumble - Hotheaded,SFD,1,UNIT,FURY,false,false,rumble-hotheaded-sfd.avif
Minotaur Reckoner (Foil),SFD,1,UNIT,FURY,false,false,minotaur-reckoner-sfd.avif
Gem Jammer (Foil),SFD,1,UNIT,FURY,false,false,gem-jammer-sfd.avif
Heart of Dark Ice,SFD,1,GEAR,CALM,false,false,heart-of-dark-ice-sfd.avif
Poro Snax (Foil),SFD,1,GEAR,CALM,false,false,poro-snax-sfd.avif
Jax - Unmatched,SFD,1,UNIT,CALM,false,false,jax-unmatched-sfd.avif
Ribbon Dancer (Foil),SFD,1,UNIT,CALM,false,false,ribbon-dancer-sfd.avif
Thwonk! (Foil),SFD,1,SPELL,CALM,false,false,thwonk-sfd.avif
Sterak's Gage,SFD,1,GEAR,CALM,false,false,steraks-gage-sfd.avif
Guardian Angel,SFD,1,GEAR,CALM,false,false,guardian-angel-sfd.avif
Rengar - Pouncing,SFD,1,UNIT,FURY,false,false,rengar-pouncing-sfd.avif
Assembly Rig,SFD,1,GEAR,FURY,false,false,assembly-rig-sfd.avif
Against the Odds (Foil),SFD,1,SPELL,FURY,false,false,against-the-odds-sfd.avif
Long Sword,SFD,1,GEAR,FURY,false,false,long-sword-sfd.avif
Draven - Vanquisher,SFD,1,UNIT,FURY,false,false,draven-vanquisher-sfd.avif
Spirit Wheel,SFD,1,GEAR,CHAOS,false,false,spirit-wheel-sfd.avif
Sivir - Mercenary,SFD,1,UNIT,CHAOS,false,false,sivir-mercenary-sfd.avif
Treasure Hunter (Foil),SFD,1,UNIT,CHAOS,false,false,treasure-hunter-sfd.avif
Irelia - Graceful,SFD,1,UNIT,CHAOS,false,false,irelia-graceful-sfd.avif
Switcheroo,SFD,1,SPELL,CHAOS,false,false,switcheroo-sfd.avif
Plundering Poro (Foil),SFD,1,UNIT,MIND,false,false,plundering-poro-sfd.avif
Dropboarder (Foil),SFD,1,UNIT,MIND,false,false,dropboarder-sfd.avif
Cloth Armor (Foil),SFD,1,GEAR,MIND,false,false,cloth-armor-sfd.avif
Hextech Anomaly,SFD,1,GEAR,MIND,false,false,hextech-anomaly-sfd.avif
Fiora - Peerless,SFD,1,UNIT,BODY,false,false,fiora-peerless-sfd.avif
Ancient Henge,SFD,1,GEAR,BODY,false,false,ancient-henge-sfd.avif
Sivir - Ambitious,SFD,1,UNIT,BODY,true,false,sivir-ambitious-sfd-a.avif
Doran's Blade (Foil),SFD,1,GEAR,BODY,false,false,dorans-blade-sfd.avif
Warmog's Armor (Foil),SFD,1,GEAR,BODY,false,false,warmogs-armor-sfd.avif
Lucian - Merciless,SFD,1,UNIT,BODY,false,false,lucian-merciless-sfd.avif
Yone - Blademaster,SFD,1,UNIT,BODY,false,false,yone-blademaster-sfd.avif
Here to Help,SFD,1,SPELL,BODY,false,false,here-to-help-sfd.avif
Kato the Arm,SFD,1,UNIT,BODY,false,false,kato-the-arm-sfd.avif
Corina Veraza,SFD,1,UNIT,ORDER,false,false,corina-veraza-sfd.avif
Trove Golem,SFD,1,UNIT,ORDER,false,false,trove-golem-sfd.avif
Eye of the Herald (Foil),SFD,1,GEAR,ORDER,false,false,eye-of-the-herald-sfd.avif
Renata Glasc - Industrialist,SFD,1,UNIT,ORDER,false,false,renata-glasc-industrialist-sfd.avif
Undertitan,SFD,1,UNIT,ORDER,false,false,undertitan-sfd.avif
Rek'Sai - Swarm Queen,SFD,1,UNIT,ORDER,false,false,reksai-swarm-queen-sfd.avif
Danger Zone,SFD,1,SPELL,FURY&MIND,false,false,danger-zone-sfd.avif
Rumble - Mechanized Menace,SFD,1,LEGEND,FURY&MIND,false,false,rumble-mechanized-menace-sfd.avif
Azir - Emperor of the Sands,SFD,1,LEGEND,CALM&ORDER,false,false,azir-emperor-of-the-sands-sfd.avif
Irelia - Blade Dancer,SFD,1,LEGEND,CALM&CHAOS,false,false,irelia-blade-dancer-sfd.avif
Fiora - Grand Duelist,SFD,1,LEGEND,BODY&ORDER,false,false,fiora-grand-duelist-sfd.avif
Rek'Sai - Void Burrower,SFD,1,LEGEND,FURY&ORDER,false,false,reksai-void-burrower-sfd.avif
Jax - Gradmaster at Arms,SFD,1,LEGEND,CALM&BODY,false,false,jax-gradmaster-at-arms-sfd.avif
Renata Glasc - Chem-Baroness,SFD,1,LEGEND,MIND&ORDER,false,false,renata-glasc-chem-baroness-sfd.avif
Hostile Takeover,SFD,1,SPELL,MIND&ORDER,false,false,hostile-takeover-sfd.avif
Lucian - Purifier,SFD,1,LEGEND,FURY&BODY,false,false,lucian-purifier-sfd.avif
Ezreal - Prodigal Explorer,SFD,1,LEGEND,MIND&CHAOS,false,false,ezreal-prodigal-explorer-sfd.avif
Bellows Breath,SFD,1,SPELL,MIND,false,false,bellows-breath-sfd.avif
Jayce - Defender of Tomorrow,VEN,2,LEGEND,MIND&BODY,false,false,jayce-defender-of-tomorrow-ven.avif
Kennen - Heart of the Tempest,VEN,2,LEGEND,CHAOS&ORDER,false,false,kennen-heart-of-the-tempest-ven.avif
Shen - Eye of Twilight,VEN,1,LEGEND,CALM&ORDER,false,false,shen-eye-of-twilight-ven.avif
Renekton - Butcher of the Sands,VEN,1,LEGEND,FURY&BODY,false,false,renekton-butcher-of-the-sands-ven.avif
Akali - Rouge Assassin,VEN,1,LEGEND,FURY&CALM,false,false,akali-rouge-assassin-ven.avif
Ambessa - Matriarch of War,VEN,1,LEGEND,BODY&ORDER,false,false,ambessa-matriarch-of-war-ven.avif
Death Mark,VEN,1,SPELL,FURY&CHAOS,false,false,death-mark-ven.avif
Renekton - Rage Fueled,VEN,1,UNIT,FURY,true,false,renekton-rage-fueled-ven-a.avif
Brittle Steel,VEN,3,SPELL,FURY,false,false,brittle-steel-ven.avif
Perfect Execution,VEN,1,SPELL,FURY,false,false,perfect-execution-ven.avif
Consuming Curse,VEN,2,SPELL,FURY,false,false,consuming-curse-ven.avif
Ruthless Strike,VEN,4,SPELL,FURY,false,false,ruthless-strike-ven.avif
Pendulum Blade,VEN,1,GEAR,FURY,false,false,pendulum-blade-ven.avif
Oasis Raider,VEN,4,UNIT,FURY,false,false,oasis-raider-ven.avif
Blade Twirler,VEN,3,UNIT,FURY,false,false,blade-twirler-ven.avif
Punching Poro,VEN,3,UNIT,FURY,false,false,punching-poro-ven.avif
Shadow Assassin,VEN,2,UNIT,FURY,false,false,shadow-assassin-ven.avif
Baccai Sandspinner,VEN,4,UNIT,FURY,false,false,baccai-sandspinner-ven.avif
Baccai Reaper,VEN,2,UNIT,FURY,false,false,baccai-reaper-ven.avif
Forsaken Baccai,VEN,4,UNIT,FURY,false,false,forsaken-baccai-ven.avif
Shadow Fiend,VEN,2,UNIT,FURY,false,false,shadow-fiend-ven.avif
Dune Surfer,VEN,3,UNIT,FURY,false,false,dune-surfer-ven.avif
Fury Rune,VEN,3,RUNE,FURY,false,false,fury-rune-ven.avif
Forsaken Baccai (Foil),VEN,1,UNIT,FURY,false,false,forsaken-baccai-ven.avif
Morgana - Vindictive,VEN,1,UNIT,FURY,false,false,morgana-vindictive-ven.avif
Punching Poro (Foil),VEN,1,UNIT,FURY,false,false,punching-poro-ven.avif
Eclipse Dragon,VEN,1,UNIT,FURY,false,false,eclipse-dragon-ven.avif
Renekton - Rage Fueled,VEN,2,UNIT,FURY,false,false,renekton-rage-fueled-ven.avif
Consuming Curse (Foil),VEN,1,SPELL,FURY,false,false,consuming-curse-ven.avif
Decree of Rage,VEN,1,SPELL,FURY,false,false,decree-of-rage-ven.avif
Resonating Strike,VEN,2,SPELL,CALM,false,false,resonating-strike-ven.avif
Sanction,VEN,2,SPELL,CALM,false,false,sanction-ven.avif
Twilight Shroud,VEN,4,SPELL,CALM,false,false,twilight-shroud-ven.avif
Hand Hammer,VEN,3,GEAR,CALM,false,false,hand-hammer-ven.avif
Pakaa Protector,VEN,1,UNIT,CALM,false,false,pakaa-protector-ven.avif
Tomb-Raider Barbara,VEN,1,UNIT,CALM,false,false,tomb-raider-barbara-ven.avif
Ol' Poro,VEN,3,UNIT,CALM,false,false,ol-poro-ven.avif
Affectionate Poro,VEN,4,UNIT,CALM,false,false,affectionate-poro-ven.avif
Mournful Witness,VEN,4,UNIT,CALM,false,false,mournful-witness-ven.avif
Field Musicians,VEN,4,UNIT,CALM,false,false,field-musicians-ven.avif
Sandstone Chimera,VEN,1,UNIT,CALM,false,false,sandstone-chimera-ven.avif
Frostcoat Mother,VEN,2,UNIT,CALM,false,false,frostcoat-mother-ven.avif
Esteemed Hierophant,VEN,3,UNIT,CALM,false,false,esteemed-hierophant-ven.avif
Serene Ascetic,VEN,4,UNIT,CALM,false,false,serene-ascetic-ven.avif
Calm Rune,VEN,3,RUNE,CALM,false,false,calm-rune-ven.avif
Mournful Witness (Foil),VEN,1,UNIT,CALM,false,false,mournful-witness-ven.avif
Steel Paws,VEN,1,UNIT,CALM,false,false,steel-paws-ven.avif
Riven - Shattered,VEN,1,UNIT,CALM,false,false,riven-shattered-ven.avif
Akali - Silent,VEN,1,UNIT,CALM,false,false,akali-silent-ven.avif
Shen - Scourge of Shadows,VEN,1,UNIT,CALM,false,false,shen-scourge-of-shadows-ven.avif
Sanction (Foil),VEN,1,SPELL,CALM,false,false,sanction-ven.avif
Crumbling Sands,VEN,1,SPELL,CALM,false,false,crumbling-sands-ven.avif
Twilight Shroud (Foil),VEN,1,SPELL,CALM,false,false,twilight-shroud-ven.avif
Nasus - Ascended,VEN,1,UNIT,CALM,false,false,nasus-ascended-ven.avif
Questionable Tome,VEN,4,GEAR,MIND,false,false,questionable-tome-ven.avif
Dredge Up,VEN,4,SPELL,MIND,false,false,dredge-up-ven.avif
Shock Blast,VEN,1,SPELL,MIND,false,false,shock-blast-ven.avif
Clairvoyance,VEN,2,SPELL,MIND,false,false,clairvoyance-ven.avif
Iterative Design,VEN,4,SPELL,MIND,false,false,iterative-design-ven.avif
Mesmerize,VEN,3,SPELL,MIND,false,false,mesmerize-ven.avif
Covert Informant,VEN,1,UNIT,MIND,false,false,covert-informant-ven.avif
Apprentice Mage,VEN,4,UNIT,MIND,false,false,apprentice-mage-ven.avif
Patched Porobot,VEN,2,UNIT,MIND,false,false,patched-porobot-ven.avif
Otterpus,VEN,3,UNIT,MIND,false,false,otterpus-ven.avif
Grumpy Rockbear,VEN,4,UNIT,MIND,false,false,grumpy-rockbear-ven.avif
Applied Researchers,VEN,1,UNIT,MIND,false,false,applied-researchers-ven.avif
Sky Cruiser,VEN,2,UNIT,MIND,false,false,sky-cruiser-ven.avif
Cloud Drake,VEN,2,UNIT,MIND,false,false,cloud-drake-ven.avif
Mind Rune,VEN,2,RUNE,MIND,false,false,mind-rune-ven.avif
Questionable Tome (Foil),VEN,1,GEAR,MIND,false,false,questionable-tome-ven.avif
Hextech Formula,VEN,1,GEAR,MIND,false,false,hextech-formula-ven.avif
Sky Cruiser (Foil),VEN,1,UNIT,MIND,false,false,sky-cruiser-ven.avif
Apprentice Mage (Foil),VEN,1,UNIT,MIND,false,false,apprentice-mage-ven.avif
Plaza Guardian,VEN,1,UNIT,MIND,false,false,plaza-guardian-ven.avif
Swain - Visionary,VEN,1,UNIT,MIND,false,false,swain-visionary-ven.avif
Temporal Breach,VEN,1,SPELL,MIND,false,false,temporal-breach-ven.avif
Decree of Insight,VEN,2,SPELL,MIND,false,false,decree-of-insight-ven.avif
Mel - Newly Awakened,VEN,1,UNIT,MIND,false,false,mel-newly-awakened-ven.avif
Rampage,VEN,1,SPELL,BODY,false,false,rampage-ven.avif
Guttural Roar,VEN,4,SPELL,BODY,false,false,guttural-roar-ven.avif
Onslaught,VEN,2,SPELL,BODY,false,false,onslaught-ven.avif
Tools of Empire,VEN,3,GEAR,BODY,false,false,tools-of-empire-ven.avif
Jagged Cutlass,VEN,3,GEAR,BODY,false,false,jagged-cutlass-ven.avif
Platewyrm Egg,VEN,4,UNIT,BODY,false,false,platewyrm-egg-ven.avif
Noxian Demolitionist,VEN,2,UNIT,BODY,false,false,noxian-demolitionist-ven.avif
Brutal Hunter,VEN,3,UNIT,BODY,false,false,brutal-hunter-ven.avif
Dame the Despoiler,VEN,2,UNIT,BODY,false,false,dame-the-despoiler-ven.avif
Baccai Witherclaw,VEN,1,UNIT,BODY,false,false,baccai-witherclaw-ven.avif
Fretful Feline,VEN,4,UNIT,BODY,false,false,fretful-feline-ven.avif
Profiteer,VEN,1,UNIT,BODY,false,false,profiteer-ven.avif
Legion Marauder,VEN,4,UNIT,BODY,false,false,legion-marauder-ven.avif
Repair Specialist,VEN,2,UNIT,BODY,false,false,repair-specialist-ven.avif
Body Rune,VEN,2,RUNE,BODY,false,false,body-rune-ven.avif
Tools of Empire (Foil),VEN,1,GEAR,BODY,false,false,tools-of-empire-ven.avif
Brutal Hunter (Foil),VEN,1,UNIT,BODY,false,false,brutal-hunter-ven.avif
Jagged Cutlass (Foil),VEN,1,GEAR,BODY,false,false,jagged-cutlass-ven.avif
Renekton - Brute,VEN,1,UNIT,BODY,false,false,renekton-brute-ven.avif
Gangplank - Naval,VEN,1,UNIT,BODY,false,false,gangplank-naval-ven.avif
Jayce - Hammer in Hand,VEN,2,UNIT,BODY,false,false,jayce-hammer-in-hand-ven.avif
Ambessa - The Wolf,VEN,1,UNIT,BODY,false,false,ambessa-the-wolf-ven.avif
Wind Claw,VEN,1,SPELL,BODY,false,false,wind-claw-ven.avif
Onslaught (Foil),VEN,1,SPELL,BODY,false,false,onslaught-ven.avif
Decree of Strength,VEN,1,SPELL,BODY,false,false,decree-of-strength-ven.avif
Twilight Reveler,VEN,1,UNIT,FURY,false,false,twilight-reveler-ven.avif
Wind and Ghosts,VEN,1,SPELL,CHAOS,false,false,wind-and-ghosts-ven.avif
Up from the Deep,VEN,3,SPELL,CHAOS,false,false,up-from-the-deep-ven.avif
Twilight Step,VEN,2,SPELL,CHAOS,false,false,twilight-step-ven.avif
Shadows of the Past,VEN,1,SPELL,CHAOS,false,false,shadows-of-the-past-ven.avif
Shadow Order Disciple,VEN,4,UNIT,CHAOS,false,false,shadow-order-disciple-ven.avif
Shadowblade Lurker,VEN,4,UNIT,CHAOS,false,false,shadowblade-lurker-ven.avif
Mask Mother,VEN,2,UNIT,CHAOS,false,false,mask-mother-ven.avif
Stargazer,VEN,4,UNIT,CHAOS,false,false,stargazer-ven.avif
Ravenbloom Prefect,VEN,2,UNIT,CHAOS,false,false,ravenbloom-prefect-ven.avif
Kinkou Lifeblade,VEN,4,UNIT,CHAOS,false,false,kinkou-lifeblade-ven.avif
Tail-Cloaked Matriarch,VEN,2,UNIT,CHAOS,false,false,tail-cloaked-matriarch-ven.avif
Tornado Warrior,VEN,3,UNIT,CHAOS,false,false,tornado-warrior-ven.avif
Gust Monk,VEN,2,UNIT,CHAOS,false,false,gust-monk-ven.avif
Spiderling,VEN,4,UNIT,CHAOS,false,false,spiderling-ven.avif
Chaos Rune,VEN,2,RUNE,CHAOS,false,false,chaos-rune-ven.avif
Illaoi - Prophet of the Great Kraken,VEN,2,UNIT,CHAOS,false,false,illaoi-prophet-of-the-great-kraken-ven.avif
Tail-Cloaked Matriarch (Foil),VEN,1,UNIT,CHAOS,false,false,tail-cloaked-matriarch-ven.avif
Tornado Warrior (Foil),VEN,1,UNIT,CHAOS,false,false,tornado-warrior-ven.avif
Minah Swiftfoot,VEN,2,UNIT,CHAOS,false,false,minah-swiftfoot-ven.avif
Ocean Drake,VEN,1,UNIT,CHAOS,false,false,ocean-drake-ven.avif
Decree of Discord,VEN,1,SPELL,CHAOS,false,false,decree-of-discord-ven.avif
Dragon Form,VEN,4,SPELL,ORDER,false,false,dragon-form-ven.avif
Ki Barrier,VEN,2,SPELL,ORDER,false,false,ki-barrier-ven.avif
Hungry Wolf,VEN,2,UNIT,ORDER,false,false,hungry-wolf-ven.avif
Sacred Protector,VEN,1,UNIT,ORDER,false,false,sacred-protector-ven.avif
Horns of the Dragon,VEN,4,UNIT,ORDER,false,false,horns-of-the-dragon-ven.avif
Disciple of Shen,VEN,4,UNIT,ORDER,false,false,disciple-of-shen-ven.avif
Noxian Emissary,VEN,2,UNIT,ORDER,false,false,noxian-emissary-ven.avif
Soulspinner,VEN,4,UNIT,ORDER,false,false,soulspinner-ven.avif
Escaped Grayback,VEN,1,UNIT,ORDER,false,false,escaped-grayback-ven.avif
Solari Sunhawk,VEN,3,UNIT,ORDER,false,false,solari-sunhawk-ven.avif
Keeper of Law,VEN,4,UNIT,ORDER,false,false,keeper-of-law-ven.avif
"Masa, Crashing Thunder",VEN,2,UNIT,ORDER,false,false,masa-crashing-thunder-ven.avif
Reluctant Leader,VEN,3,UNIT,ORDER,false,false,reluctant-leader-ven.avif
Lacerate,VEN,2,SPELL,ORDER,false,false,lacerate-ven.avif
Order Rune,VEN,2,RUNE,ORDER,false,false,order-rune-ven.avif
Glowstone,VEN,1,GEAR,ORDER,false,false,glowstone-ven.avif
Keeper of Law (Foil),VEN,1,UNIT,ORDER,false,false,keeper-of-law-ven.avif
Aurok General,VEN,1,UNIT,ORDER,false,false,aurok-general-ven.avif
Disciple of Shen (Foil),VEN,1,UNIT,ORDER,false,false,disciple-of-shen-ven.avif
Fallen Feline,VEN,1,UNIT,ORDER,false,false,fallen-feline-ven.avif
Kennen - Keeper of Balance,VEN,1,UNIT,ORDER,false,false,kennen-keeper-of-balance-ven.avif
Kayle - Justified,VEN,1,UNIT,ORDER,false,false,kayle-justified-ven.avif
Shen - Leader of the Kinkou Order,VEN,1,UNIT,ORDER,false,false,shen-leader-of-the-kinkou-order-ven.avif
Dragon Form (Foil),VEN,1,SPELL,ORDER,false,false,dragon-form-ven.avif
Ki Barrier (Foil),VEN,1,SPELL,ORDER,false,false,ki-barrier-ven.avif
Decree of Unity,VEN,1,SPELL,ORDER,false,false,decree-of-unity-ven.avif
Kinkou Temple (Foil),VEN,1,BATTLEFIELD,NONE,false,false,kinkou-temple-ven.avif
Kinkou Temple,VEN,2,BATTLEFIELD,NONE,false,false,kinkou-temple-ven.avif
Dragon Roost,VEN,1,BATTLEFIELD,NONE,false,false,dragon-roost-ven.avif
Risen Altar,VEN,1,BATTLEFIELD,NONE,false,false,risen-altar-ven.avif
Piltovan Forge,VEN,1,BATTLEFIELD,NONE,false,false,piltovan-forge-ven.avif
Mystic Vortex,VEN,2,BATTLEFIELD,NONE,false,false,mystic-vortex-ven.avif
Sandswept Tomb,VEN,2,BATTLEFIELD,NONE,false,false,sandswept-tomb-ven.avif
Protective Sands,VEN,1,BATTLEFIELD,NONE,false,false,protective-sands-ven.avif
Shadow Temple,VEN,2,BATTLEFIELD,NONE,false,false,shadow-temple-ven.avif
"Heisho, Shell of the World",VEN,1,BATTLEFIELD,NONE,false,false,heisho-shell-of-the-world-ven.avif
Threshold of the Gray,VEN,2,BATTLEFIELD,NONE,false,false,threshold-of-the-gray-ven.avif
Recruit,VEN,3,TOKEN,NONE,false,false,recruit-ven.avif
Shadow Clone,VEN,3,TOKEN,NONE,false,false,shadow-clone-ven.avif
Gold,VEN,4,TOKEN,NONE,false,false,gold-ven.avif
